-- phpMyAdmin SQL Dump
-- version 4.9.0.1
-- https://www.phpmyadmin.net/
--
-- Servidor: 127.0.0.1
-- Tiempo de generación: 19-08-2020 a las 05:46:27
-- Versión del servidor: 10.4.6-MariaDB
-- Versión de PHP: 7.3.9

SET SQL_MODE = "NO_AUTO_VALUE_ON_ZERO";
SET AUTOCOMMIT = 0;
START TRANSACTION;
SET time_zone = "+00:00";


/*!40101 SET @OLD_CHARACTER_SET_CLIENT=@@CHARACTER_SET_CLIENT */;
/*!40101 SET @OLD_CHARACTER_SET_RESULTS=@@CHARACTER_SET_RESULTS */;
/*!40101 SET @OLD_COLLATION_CONNECTION=@@COLLATION_CONNECTION */;
/*!40101 SET NAMES utf8mb4 */;

--
-- Base de datos: `proyecto2`
--

-- --------------------------------------------------------

--
-- Estructura de tabla para la tabla `historial`
--

CREATE TABLE `historial` (
  `id_traduccion` int(12) NOT NULL,
  `id_usuario` int(12) NOT NULL,
  `fecha` date NOT NULL,
  `cant_palabras` int(8) NOT NULL
) ENGINE=InnoDB DEFAULT CHARSET=utf8mb4;

--
-- Volcado de datos para la tabla `historial`
--

INSERT INTO `historial` (`id_traduccion`, `id_usuario`, `fecha`, `cant_palabras`) VALUES
(113, 1, '2020-05-04', 2),
(114, 1, '2020-05-04', 3),
(115, 1, '2020-05-04', 4),
(116, 1, '2020-05-04', 0),
(117, 1, '2020-05-04', 1),
(118, 1, '2020-05-04', 2),
(119, 1, '2020-05-04', 1),
(120, 1, '2020-05-04', 1),
(121, 1, '2020-05-04', 1),
(122, 1, '2020-05-04', 1),
(123, 1, '2020-05-04', 2),
(124, 1, '2020-05-04', 2),
(125, 1, '2020-05-04', 2),
(126, 1, '2020-05-04', 2),
(127, 1, '2020-05-04', 2),
(128, 1, '2020-05-04', 3),
(129, 1, '2020-05-04', 2),
(130, 1, '2020-05-04', 2),
(131, 1, '2020-05-04', 2),
(132, 1, '2020-05-04', 2),
(133, 1, '2020-05-04', 2),
(134, 1, '2020-05-04', 1),
(135, 1, '2020-05-04', 0),
(136, 1, '2020-05-04', 1),
(137, 1, '2020-05-04', 1),
(138, 1, '2020-05-04', 2),
(139, 1, '2020-05-04', 2),
(140, 1, '2020-05-04', 4),
(141, 1, '2020-05-04', 4),
(142, 1, '2020-05-04', 4),
(143, 1, '2020-05-04', 4),
(144, 1, '2020-05-04', 4),
(145, 1, '2020-05-04', 4),
(146, 1, '2020-05-04', 4),
(147, 1, '2020-05-04', 4),
(148, 1, '2020-05-04', 4),
(149, 1, '2020-05-04', 4),
(150, 1, '2020-05-04', 4),
(151, 1, '2020-05-04', 4),
(152, 1, '2020-05-04', 4),
(153, 1, '2020-05-04', 4),
(154, 1, '2020-05-04', 4),
(155, 1, '2020-05-04', 4),
(156, 1, '2020-05-04', 4),
(157, 1, '2020-05-04', 4),
(158, 1, '2020-05-04', 4),
(159, 1, '2020-05-04', 4),
(160, 1, '2020-05-04', 4),
(161, 1, '2020-05-04', 4),
(162, 1, '2020-05-04', 4),
(163, 1, '2020-05-04', 4),
(164, 1, '2020-05-04', 4),
(165, 1, '2020-05-04', 1),
(166, 1, '2020-05-04', 2),
(167, 1, '2020-05-04', 2),
(168, 1, '2020-05-04', 2),
(169, 1, '2020-05-04', 2),
(170, 1, '2020-05-04', 2),
(171, 1, '2020-05-04', 2),
(172, 1, '2020-05-04', 2),
(173, 1, '2020-05-04', 3),
(174, 1, '2020-05-05', 20),
(175, 1, '2020-05-05', 20),
(176, 1, '2020-05-05', 20),
(177, 1, '2020-05-05', 20),
(178, 1, '2020-05-05', 20),
(179, 1, '2020-05-05', 20),
(180, 1, '2020-05-05', 20),
(181, 1, '2020-05-05', 20),
(182, 1, '2020-05-05', 20),
(183, 2, '2020-05-05', 4),
(184, 1, '2020-05-05', 2),
(185, 1, '2020-05-05', 3),
(186, 2, '2020-05-05', 5),
(187, 2, '2020-05-05', 3),
(188, 2, '2020-05-05', 3),
(189, 2, '2020-04-22', 2),
(190, 2, '2020-04-22', 2),
(191, 1, '2020-05-08', 1),
(192, 1, '2020-05-08', 2),
(193, 1, '2020-05-08', 2),
(194, 1, '2020-05-08', 2),
(195, 1, '2020-05-08', 2),
(196, 1, '2020-05-08', 2),
(197, 1, '2020-05-08', 2),
(198, 1, '2020-05-08', 2),
(199, 1, '2020-05-08', 2),
(200, 1, '2020-05-08', 2),
(201, 1, '2020-05-08', 2),
(202, 1, '2020-05-08', 2),
(203, 1, '2020-05-08', 2),
(204, 1, '2020-05-08', 2),
(205, 1, '2020-05-08', 2),
(206, 1, '2020-05-08', 4),
(207, 1, '2020-05-08', 4),
(208, 1, '2020-05-08', 2),
(209, 1, '2020-05-08', 2),
(211, 2, '2019-11-16', 4),
(212, 1, '2019-11-08', 5),
(213, 1, '2020-04-30', 5),
(214, 1, '2020-04-30', 10),
(215, 3, '2019-12-31', 4),
(216, 3, '2020-04-30', 5),
(217, 3, '2020-05-09', 5),
(218, 3, '2020-05-09', 2),
(219, 3, '2020-05-09', 10),
(220, 1, '2020-05-09', 2),
(221, 1, '2020-05-09', 2),
(222, 1, '2020-05-09', 2),
(223, 1, '2020-05-09', 2),
(224, 1, '2020-05-09', 2),
(225, 1, '2020-05-09', 2),
(226, 1, '2020-05-09', 2),
(227, 1, '2020-05-09', 2),
(228, 1, '2020-05-09', 2),
(229, 1, '2020-05-09', 2),
(230, 1, '2020-05-09', 2),
(231, 1, '2020-05-09', 2),
(232, 1, '2020-05-09', 2),
(233, 1, '2020-05-09', 2),
(234, 1, '2020-05-09', 2),
(235, 1, '2020-05-09', 2),
(236, 1, '2020-05-09', 2),
(237, 1, '2020-05-09', 2),
(238, 1, '2020-05-09', 2),
(239, 1, '2020-05-09', 2),
(240, 1, '2020-05-09', 2),
(241, 1, '2020-05-09', 2),
(242, 1, '2020-05-09', 2),
(243, 1, '2020-05-09', 2),
(244, 1, '2020-05-09', 2),
(245, 1, '2020-05-09', 3),
(246, 1, '2020-05-09', 3),
(247, 1, '2020-05-09', 2),
(248, 1, '2020-05-09', 3),
(249, 1, '2020-05-09', 3),
(250, 1, '2020-05-09', 3),
(251, 1, '2020-05-09', 3),
(252, 3, '2020-05-09', 3),
(253, 3, '2020-05-09', 3),
(254, 1, '2020-05-09', 2),
(255, 1, '2020-05-09', 2),
(256, 1, '2020-05-09', 2),
(257, 1, '2020-05-09', 1),
(258, 1, '2020-05-09', 1),
(259, 1, '2020-05-09', 2),
(260, 1, '2020-05-09', 2),
(261, 1, '2020-05-09', 2),
(262, 1, '2020-05-09', 2),
(263, 1, '2020-05-09', 2),
(264, 1, '2020-05-09', 2),
(265, 1, '2020-05-09', 2),
(266, 3, '2020-05-10', 2),
(267, 3, '2020-05-10', 2),
(268, 1, '2020-05-10', 2),
(269, 1, '2020-05-10', 2),
(270, 1, '2020-05-10', 2),
(271, 1, '2020-05-10', 2),
(272, 3, '2020-05-10', 1),
(273, 3, '2020-05-10', 1),
(274, 3, '2020-05-10', 1),
(275, 3, '2020-05-10', 1),
(276, 3, '2020-05-10', 2),
(277, 3, '2020-05-10', 1),
(278, 3, '2020-05-10', 1),
(279, 3, '2020-05-10', 1),
(280, 3, '2020-05-10', 1),
(281, 3, '2020-05-10', 2),
(282, 1, '2020-05-10', 1),
(283, 1, '2020-05-10', 1),
(284, 1, '2020-05-10', 2),
(285, 1, '2020-05-10', 2),
(286, 3, '2020-05-10', 1),
(287, 3, '2020-05-10', 1),
(288, 3, '2020-05-10', 1),
(289, 3, '2020-05-10', 1),
(290, 3, '2020-05-10', 2),
(291, 1, '2020-05-10', 4),
(292, 3, '2020-05-11', 2),
(293, 3, '2020-05-11', 2),
(294, 3, '2020-05-11', 2),
(295, 3, '2020-05-11', 2),
(296, 3, '2020-05-11', 2),
(297, 5, '2020-08-18', 2),
(298, 1, '2020-08-18', 4),
(299, 1, '2020-08-18', 4),
(300, 1, '2020-08-18', 3),
(301, 1, '2020-08-18', 2),
(302, 1, '2020-08-18', 2),
(303, 1, '2020-08-18', 9),
(304, 1, '2020-08-18', 2),
(305, 1, '2020-08-18', 7),
(306, 1, '2020-08-18', 2),
(307, 1, '2020-08-18', 7),
(308, 1, '2020-08-18', 7);

-- --------------------------------------------------------

--
-- Estructura de tabla para la tabla `imagenes`
--

CREATE TABLE `imagenes` (
  `nombre` varchar(42) NOT NULL,
  `referencia` varchar(42) NOT NULL,
  `id_imagen` int(10) NOT NULL
) ENGINE=InnoDB DEFAULT CHARSET=latin1;

--
-- Volcado de datos para la tabla `imagenes`
--

INSERT INTO `imagenes` (`nombre`, `referencia`, `id_imagen`) VALUES
('hola', 'assets/img/saludos y cortesia/hola.jpg', 1),
('mundo', 'assets/img/mundo.jpg', 2),
('sol', 'assets/img/sol.jpg', 3),
('carro', 'assets/img/carro.jpg', 4),
('adios', 'assets/img/saludos y cortesia/adios.jpg', 5),
('buenas noches', 'assets/img/saludos y cortesia/buenas noche', 7),
('buenas tardes', 'assets/img/saludos y cortesia/buenas tarde', 8),
('gracias', 'assets/img/saludos y cortesia/gracias.jpg', 9),
('cuidado', 'assets/img/saludos y cortesia/cuidado.jpg', 10),
('nombre', 'assets/img/saludos y cortesia/nombre.jpg', 11),
('de nada', 'assets/img/saludos y cortesia/de nada.jpg', 12),
('no', 'assets/img/saludos y cortesia/no.jpg', 13),
('por favor', 'assets/img/saludos y cortesia/por favor.jp', 14),
('saludar', 'assets/img/saludos y cortesia/saludar.jpg', 15),
('si', 'assets/img/saludos y cortesia/si.jpg', 16),
('signo', 'assets/img/saludos y cortesia/signo.jpg', 17),
('casa', 'assets/img/casa/casa.jpg', 18),
('baño', 'assets/img/casa/baño.jpg', 19),
('cama', 'assets/img/casa/cama.jpg', 20),
('cocina', 'assets/img/casa/cocina.jpg', 21),
('cuchillo', 'assets/img/casa/cuchillo.jpg', 22),
('espejo', 'assets/img/casa/espejo.jpg', 23),
('mesa', 'assets/img/casa/mesa.jpg', 24),
('pelota', 'assets/img/casa/pelota.jpg', 25),
('silla', 'assets/img/casa/silla.jpg', 26),
('televidor', 'assets/img/casa/televisor.jpg', 27),
('telefono', 'assets/img/casa/telefono.jpg', 28),
('vaso', 'assets/img/casa/vaso.jpg', 29),
('ventana', 'assets/img/casa/ventana.jpg', 30),
('video', 'video.jpg', 31),
('agua', 'assets/img/comida/agua.jpg', 32),
('comida', 'assets/img/comida/comida.jpg', 33),
('dulce', 'assets/img/comida/dulce.jpg', 34),
('hambre', 'assets/img/comida/hambre.jpg', 35),
('galleta', 'assets/img/comida/galleta.jpg', 36),
('leche', 'assets/img/comida/leche.jpg', 37),
('pan', 'assets/img/comida/pan.jpg', 38),
('fruta', 'assets/img/comida/fruta.jpg', 39),
('aburrido', 'assets/img/verbos, a, a/aburrido.jpg', 40),
('abrazar', 'assets/img/verbos, a, a/abrazar.jpg', 41),
('tener', 'assets/img/verbos, a, a/tener.jpg', 42),
('triste', 'assets/img/verbos, a, a/triste.jpg', 44),
('alegre', 'assets/img/verbos, a, a/alegre.jpg', 45),
('amigo', 'assets/img/familia/amigo.jpg', 46),
('familia', 'assets/img/familia/familia.jpg', 47),
('mama', 'assets/img/familia/mama.jpg', 48),
('papa', 'assets/img/familia/papa.jpg', 49),
('hermano', 'assets/img/familia/hermano.jpg', 50),
('hermana', 'assets/img/familia/hermano.jpg', 51),
('abuelo', 'assets/img/familia/abuelo.jpg', 52),
('comer', 'assets/img/verbos, a, a/comer.jpg', 53),
('abril', 'assets/img/calendario/abril.jpg', 54),
('agosto', 'assets/img/calendario/agosto.jpg', 55),
('año', 'assets/img/calendario/año.jpg', 56),
('ayer', 'assets/img/calendario/ayer.jpg', 57),
('calendario', 'assets/img/calendario/calendario.jpg', 58),
('cumpleaños', 'assets/img/calendario/cumpleaños.jpg', 59),
('diciembre', 'assets/img/calendario/diciembre.jpg', 60),
('domingo', 'assets/img/calendario/domingo.jpg', 61),
('enero', 'assets/img/calendario/enero.jpg', 62),
('estaciones', 'assets/img/calendario/estaciones.jpg', 63),
('febrero', 'assets/img/calendario/febrero.jpg', 64),
('fiesta', 'assets/img/calendario/fiesta.jpg', 65),
('hoy', 'assets/img/calendario/hoy.jpg', 67),
('invierno', 'assets/img/calendario/invierno.jpg', 68),
('jueves', 'assets/img/calendario/jueves.jpg', 69),
('julio', 'assets/img/calendario/julio.jpg', 70),
('junio', 'assets/img/calendario/junio.jpg', 71),
('lunes', 'assets/img/calendario/lunes.jpg', 72),
('mañana', 'assets/img/calendario/mañana.jpg', 73),
('martes', 'assets/img/calendario/martes.jpg', 74),
('marzo', 'assets/img/calendario/marzo.jpg', 75),
('mayo', 'assets/img/calendario/mayo.jpg', 76),
('mes', 'assets/img/calendario/mes.jpg', 77),
('miercoles', 'assets/img/calendario/miercoles.jpg', 78),
('navidad', 'assets/img/calendario/navidad.jpg', 79),
('noviembre', 'assets/img/calendario/noviembre.jpg', 80),
('octubre', 'assets/img/calendario/octubre.jpg', 81),
('otoño', 'assets/img/calendario/otoño.jpg', 82),
('primavera', 'assets/img/calendario/assets/img/mundo.jpg', 83),
('sabado', 'assets/img/calendario/sabado.jpg', 84),
('semana', 'assets/img/calendario/semana.jpg', 85),
('septiembre', 'assets/img/calendario/septiembre.jpg', 86),
('tiempo', 'assets/img/calendario/tiempo.jpg', 87),
('verano', 'assets/img/calendario/verano.jpg', 88),
('viernes', 'assets/img/calendario/viernes.jpg', 89),
('acerca', 'assets/img/ciudad/acerca.jpg', 90),
('ambulancia', 'assets/img/ciudad/ambulancia.jpg', 91),
('autobus', 'assets/img/ciudad/autobus.jpg', 92),
('banco', 'assets/img/ciudad/banco.jpg', 93),
('barca', 'assets/img/ciudad/barca.jpg', 94),
('biblioteca', 'assets/img/ciudad/biblioteca.jpg', 95),
('bicicleta', 'assets/img/ciudad/bicilceta.jpg', 96),
('bombero', 'assets/img/ciudad/bombero.jpg', 97),
('buzon', 'assets/img/ciudad/buzon.jpg', 98),
('calle', 'assets/img/ciudad/calle.jpg', 99),
('camion', 'assets/img/ciudad/camion.jpg', 100),
('cine', 'assets/img/ciudad/cine.jpg', 101),
('ciudad', 'assets/img/ciudad/ciudad.jpg', 102),
('coche', 'assets/img/ciudad/coche.jpg', 103),
('colegio', 'assets/img/ciudad/colegio.jpg', 104),
('columpio', 'assets/img/ciudad/columpio.jpg', 105),
('farola', 'assets/img/ciudad/farola.jpg', 106),
('fuente', 'assets/img/ciudad/fuente.jpg', 107),
('hospital', 'assets/img/ciudad/hospital.jpg', 108),
('libreria', 'assets/img/ciudad/libreria.jpg', 109),
('luz', 'assets/img/ciudad/luz.jpg', 110),
('medico', 'assets/img/ciudad/medico.jpg', 111),
('moto', 'assets/img/ciudad/moto.jpg', 112),
('museo', 'assets/img/ciudad/museo.jpg', 113),
('parque', 'assets/img/ciudad/parque.jpg', 114),
('pasteleria', 'assets/img/ciudad/pasteleria.jpg', 115),
('pastelero', 'assets/img/ciudad/pastelero.jpg', 116),
('pescador', 'assets/img/ciudad/pescador.jpg', 117),
('plaza', 'assets/img/ciudad/plaza.jpg', 118),
('policia', 'assets/img/ciudad/policia.jpg', 119),
('profesor', 'assets/img/ciudad/profesor.jpg', 120),
('puente', 'assets/img/ciudad/puente.jpg', 121),
('quiosco', 'assets/img/ciudad/quiosco.jpg', 122),
('semaforo', 'assets/img/ciudad/semaforo.jpg', 123),
('supermercado', 'assets/img/ciudad/supermercado.jpg', 124),
('teatro', 'assets/img/ciudad/teatro.jpg', 125),
('tienda', 'assets/img/ciudad/tienda.jpg', 126),
('tobogan', 'assets/img/ciudad/tobogan.jpg', 127),
('transporte', 'assets/img/ciudad/transporte.jpg', 128),
('vehiculos', 'assets/img/ciudad/vehiculos.jpg', 129),
('zapateria', 'assets/img/ciudad/zapateria.jpg', 130),
('abecedario', 'assets/img/colegio/abecedario.jpg', 131),
('alumno', 'assets/img/colegio/alumno.jpg', 132),
('amarillo', 'assets/img/colegio/amarillo.jpg', 133),
('azul', 'assets/img/colegio/azul.jpg', 134),
('blanco', 'assets/img/colegio/blanco.jpg', 135),
('boligrafo', 'assets/img/colegio/boligrafo.jpg', 136),
('borrador', 'assets/img/colegio/borrador.jpg', 137),
('cera', 'assets/img/colegio/cera.jpg', 138),
('circulo', 'assets/img/colegio/circulo.jpg', 139),
('clase', 'assets/img/colegio/clase.jpg', 140),
('colegio', 'assets/img/colegio/colegio.jpg', 141),
('colores', 'assets/img/colegio/colores.jpg', 142),
('cosas', 'assets/img/colegio/cosas.jpg', 143),
('cuaderno', 'assets/img/colegio/cuaderno.jpg', 144),
('cuadrado', 'assets/img/colegio/cuadrado.jpg', 145),
('cuento', 'assets/img/colegio/cuento.jpg', 146),
('dibujo', 'assets/img/colegio/dibujo.jpg', 147),
('diccionario', 'assets/img/colegio/diccionario.jpg', 148),
('diferencia', 'assets/img/colegio/diferencia.jpg', 149),
('forma', 'assets/img/colegio/forma.jpg', 150),
('borrador', 'assets/img/colegio/borrador.jpg', 151),
('gramo', 'assets/img/colegio/gramo.jpg', 153),
('grande', 'assets/img/colegio/grande.jpg', 154),
('hoja', 'assets/img/colegio/hoja.jpg', 155),
('lapiz', 'assets/img/colegio/lapiz.jpg', 156),
('libro', 'assets/img/colegio/libro.jpg', 157),
('litro', 'assets/img/colegio/litro.jpg', 158),
('marron', 'assets/img/colegio/marron.jpg', 159),
('mediano', 'assets/img/colegio/mediano.jpg', 160),
('medida', 'assets/img/colegio/medida.jpg', 161),
('metro', 'assets/img/colegio/metro.jpg', 162),
('multiplicar', 'assets/img/colegio/multiplicar.jpg', 163),
('naranja', 'assets/img/colegio/naranja.jpg', 164),
('negro', 'assets/img/colegio/negro.jpg', 165),
('palabra', 'assets/img/colegio/palabra.jpg', 166),
('papel', 'assets/img/colegio/papel.jpg', 167),
('papelera', 'assets/img/colegio/papelera.jpg', 168),
('pegamento', 'assets/img/colegio/pegamento.jpg', 169),
('pequeño', 'assets/img/colegio/pequeño.jpg', 170),
('pintura', 'assets/img/colegio/pintura.jpg', 171),
('pizarra', 'assets/img/colegio/pizarra.jpg', 172),
('plastilina', 'assets/img/colegio/plastilina.jpg', 173),
('rectangulo', 'assets/img/colegio/rectangulo.jpg', 174),
('resta', 'assets/img/colegio/resta.jpg', 175),
('rojo', 'assets/img/colegio/rojo.jpg', 176),
('rosa', 'assets/img/colegio/rosa.jpg', 177),
('rotulador', 'assets/img/colegio/rotulador.jpg', 178),
('sacapuntas', 'assets/img/colegio/sacapuntas.jpg', 179),
('servicio', 'assets/img/colegio/servicio.jpg', 180),
('suma', 'assets/img/colegio/suma.jpg', 181),
('tamaño', 'assets/img/colegio/tamaño.jpg', 182),
('tijeras', 'assets/img/colegio/tijeras.jpg', 183),
('tiza', 'assets/img/colegio/tiza.jpg', 184),
('triangulo', 'assets/img/colegio/triangulo.jpg', 185),
('verde', 'assets/img/colegio/verde.jpg', 186),
('boca', 'assets/img/cuerpo/boca.jpg', 187),
('brazo', 'assets/img/cuerpo/brazo.jpg', 188),
('cabeza', 'assets/img/cuerpo/cabeza.jpg', 189),
('cuerpo', 'assets/img/cuerpo/cuerpo.jpg', 190),
('culo', 'assets/img/cuerpo/culo.jpg', 191),
('dedo', 'assets/img/cuerpo/dedo.jpg', 192),
('dientes', 'assets/img/cuerpo/dientes.jpg', 193),
('gusto', 'assets/img/cuerpo/gusto.jpg', 194),
('lengua', 'assets/img/cuerpo/lengua.jpg', 195),
('mano', 'assets/img/cuerpo/mano.jpg', 196),
('nariz', 'assets/img/cuerpo/nariz.jpg', 197),
('oido', 'assets/img/cuerpo/oido.jpg', 198),
('ojo', 'assets/img/cuerpo/ojo.jpg', 199),
('olfato', 'assets/img/cuerpo/olfato.jpg', 200),
('oreja', 'assets/img/cuerpo/oreja.jpg', 201),
('pelo', 'assets/img/cuerpo/pelo.jpg', 202),
('pene', 'assets/img/cuerpo/pene.jpg', 203),
('pie', 'assets/img/cuerpo/pie.jpg', 204),
('pierna', 'assets/img/cuerpo/pierna.jpg', 205),
('tacto', 'assets/img/cuerpo/tacto.jpg', 206),
('vista', 'assets/img/cuerpo/vista.jpg', 207),
('vulva', 'assets/img/cuerpo/vulva.jpg', 208),
('a', 'assets/img/dactilologico/a.jpg', 209),
('b', 'assets/img/dactilologico/b.jpg', 210),
('c', 'assets/img/dactilologico/c.jpg', 211),
('d', 'assets/img/dactilologico/d.jpg', 212),
('e', 'assets/img/dactilologico/e.jpg', 213),
('f', 'assets/img/dactilologico/f.jpg', 214),
('g', 'assets/img/dactilologico/g.jpg', 215),
('h', 'assets/img/dactilologico/h.jpg', 216),
('i', 'assets/img/dactilologico/i.jpg', 217),
('j', 'assets/img/dactilologico/j.jpg', 218),
('k', 'assets/img/dactilologico/k.jpg', 219),
('l', 'assets/img/dactilologico/l.jpg', 220),
('m', 'assets/img/dactilologico/m.jpg', 221),
('n', 'assets/img/dactilologico/n.jpg', 222),
('ñ', 'assets/img/dactilologico/ñ.jpg', 223),
('o', 'assets/img/dactilologico/o.jpg', 224),
('p', 'assets/img/dactilologico/p.jpg', 225),
('q', 'assets/img/dactilologico/q.jpg', 226),
('r', 'assets/img/dactilologico/r.jpg', 228),
('s', 'assets/img/dactilologico/s.jpg', 229),
('t', 'assets/img/dactilologico/t.jpg', 230),
('u', 'assets/img/dactilologico/u.jpg', 231),
('v', 'assets/img/dactilologico/v.jpg', 232),
('w', 'assets/img/dactilologico/w.jpg', 233),
('x', 'assets/img/dactilologico/x.jpg', 234),
('y', 'assets/img/dactilologico/y.jpg', 235),
('z', 'assets/img/dactilologico/z0.jpg', 236),
('ch', 'assets/img/dactilologico/ch.jpg', 237),
('ll', 'assets/img/dactilologico/ll.jpg', 238),
('rr', 'assets/img/dactilologico/rr.jpg', 239),
('dactilologico', 'assets/img/dactilologico/dactilologico.jpg', 240),
('abeja', 'assets/img/naturaleza/abeja.jpg', 241),
('abeto', 'assets/img/naturaleza/abeto.jpg', 242),
('aguila', 'assets/img/naturaleza/aguila.jpg', 243),
('animal', 'assets/img/naturaleza/animal.jpg', 244),
('arbol', 'assets/img/naturaleza/arbol.jpg', 245),
('burro', 'assets/img/naturaleza/burro.jpg', 246),
('caballo', 'assets/img/naturaleza/caballo.jpg', 247),
('cabra', 'assets/img/naturaleza/cabra.jpg', 248),
('calor', 'assets/img/naturaleza/calor.jpg', 249),
('camello', 'assets/img/naturaleza/camello.jpg', 250),
('cerdo', 'assets/img/naturaleza/cerdo.jpg', 251),
('cocodrilo', 'assets/img/naturaleza/cocodrilo.jpg', 252),
('conejo', 'assets/img/naturaleza/conejo.jpg', 253),
('delfin', 'assets/img/naturaleza/delfin.jpg', 254),
('elefante', 'assets/img/naturaleza/elefante.jpg', 255),
('estrella', 'assets/img/naturaleza/estrella.jpg', 256),
('faro', 'assets/img/naturaleza/faro.jpg', 257),
('flor', 'assets/img/naturaleza/flor.jpg', 258),
('flotador', 'assets/img/naturaleza/flotador.jpg', 259),
('foca', 'assets/img/naturaleza/foca.jpg', 260),
('frio', 'assets/img/naturaleza/frio.jpg', 261),
('fuego', 'assets/img/naturaleza/fuego.jpg', 262),
('gallina', 'assets/img/naturaleza/gallina.jpg', 263),
('gato', 'assets/img/naturaleza/gato.jpg', 264),
('granja', 'assets/img/naturaleza/granja.jpg', 265),
('hierba', 'assets/img/naturaleza/hierba.jpg', 266),
('hoja', 'assets/img/naturaleza/hoja.jpg', 267),
('jirafa', 'assets/img/naturaleza/jirafa.jpg', 268),
('lago', 'assets/img/naturaleza/lago.jpg', 269),
('leon', 'assets/img/naturaleza/leon.jpg', 270),
('lluvia', 'assets/img/naturaleza/lluvia.jpg', 271),
('loro', 'assets/img/naturaleza/loro.jpg', 272),
('luna', 'assets/img/naturaleza/luna.jpg', 273),
('mar', 'assets/img/naturaleza/mar.jpg', 274),
('margarita', 'assets/img/naturaleza/margarita.jpg', 275),
('mariposa', 'assets/img/naturaleza/mariposa.jpg', 276),
('mono', 'assets/img/naturaleza/mono.jpg', 277),
('montaña', 'assets/img/naturaleza/montaña.jpg', 278),
('naturaleza', 'assets/img/naturaleza/naturaleza.jpg', 279),
('nieve', 'assets/img/naturaleza/nieve.jpg', 280),
('nube', 'assets/img/naturaleza/nube.jpg', 281),
('nublado', 'assets/img/naturaleza/nublado.jpg', 282),
('oso', 'assets/img/naturaleza/oso.jpg', 283),
('oveja', 'assets/img/naturaleza/oveja.jpg', 284),
('pajaro', 'assets/img/naturaleza/pajaro.png', 285),
('palmera', 'assets/img/naturaleza/palmera.jpg', 286),
('pato', 'assets/img/naturaleza/pato.jpg', 287),
('perro', 'assets/img/naturaleza/perro.jpg', 288),
('piedra', 'assets/img/naturaleza/piedra.jpg', 289),
('playa', 'assets/img/naturaleza/playa.jpg', 290),
('pozo', 'assets/img/naturaleza/pozo.jpg', 291),
('rio', 'assets/img/naturaleza/rio.jpg', 292),
('sol', 'assets/img/naturaleza/sol.jpg', 293),
('sombrilla', 'assets/img/naturaleza/sombrilla.jpg', 294),
('tiburon', 'assets/img/naturaleza/tiburon.jpg', 295),
('tiempo', 'assets/img/naturaleza/tiempo.jpg', 296),
('tigre', 'assets/img/naturaleza/tigre.jpg', 297),
('tormenta', 'assets/img/naturaleza/tormenta.jpg', 298),
('toro', 'assets/img/naturaleza/toro.jpg', 299),
('tortuga', 'assets/img/naturaleza/tortuga.jpg', 300),
('vaca', 'assets/img/naturaleza/vaca.jpg', 301),
('viento', 'assets/img/naturaleza/viento.jpg', 302),
('zoo', 'assets/img/naturaleza/zoo.jpg', 303),
('como', 'assets/img/preguntas/como.jpg', 304),
('cual', 'assets/img/preguntas/cual.jpg', 305),
('cuando', 'assets/img/preguntas/cuando.jpg', 306),
('cuanto', 'assets/img/preguntas/cuanto.jpg', 308),
('donde', 'assets/img/preguntas/donde.jpg', 309),
('preguntar', 'assets/img/preguntas/preguntar.jpg', 310),
('que', 'assets/img/preguntas/que.jpg', 311),
('quien', 'assets/img/preguntas/quien.jpg', 312),
('abrigo', 'assets/img/ropa/abrigo.jpg', 313),
('babi', 'assets/img/ropa/babi.jpg', 314),
('bañador', 'assets/img/ropa/bañador.jpg', 315),
('braga', 'assets/img/ropa/braga.jpg', 316),
('bufanda', 'assets/img/ropa/bufanda.jpg', 317),
('calzoncillo', 'assets/img/ropa/calzoncillo.jpg', 318),
('camisa', 'assets/img/ropa/camisa.jpg', 319),
('chandal', 'assets/img/ropa/chandal.jpg', 320),
('disfraz', 'assets/img/ropa/disfraz.jpg', 321),
('gafas', 'assets/img/ropa/gafas.jpg', 322),
('gorra', 'assets/img/ropa/gorra.jpg', 323),
('jersey', 'assets/img/ropa/jersey.jpg', 324),
('mochila', 'assets/img/ropa/mochila.jpg', 325),
('pantalon', 'assets/img/ropa/pantalon.jpg', 326),
('pijama', 'assets/img/ropa/pijama.jpg', 327),
('reloj', 'assets/img/ropa/reloj.jpg', 328),
('ropa', 'assets/img/ropa/ropa.jpg', 329),
('zapatilla', 'assets/img/ropa/zapatilla.jpg', 330),
('zapato', 'assets/img/ropa/zapato.jpg', 331),
('cacerola', 'assets/img/casa/cacerola.jpg', 332),
('champu', 'assets/img/casa/champu.jpg', 333),
('colonia', 'assets/img/casa/colonia.jpg', 334),
('cristal', 'assets/img/casa/cristal.jpg', 335),
('cuchara', 'assets/img/casa/cuchara.jpg', 336),
('despertador', 'assets/img/casa/despertador.jpg', 337),
('dormitorio', 'assets/img/casa/dormitorio.jpg', 338),
('esponja', 'assets/img/casa/esponja.jpg', 339),
('fax', 'assets/img/casa/fax.jpg', 340),
('jabon', 'assets/img/casa/jabon.jpg', 341),
('jarra', 'assets/img/casa/jarra.jpg', 342),
('lampara', 'assets/img/casa/lampara.jpg', 343),
('lavabo', 'assets/img/casa/lavabo.jpg', 344),
('lavadora', 'assets/img/casa/lavadora.jpg', 345),
('maceta', 'assets/img/casa/maceta.jpg', 346),
('manta', 'assets/img/casa/manta.jpg', 347),
('maquina', 'assets/img/casa/maquina.jpg', 348),
('mesilla', 'assets/img/casa/mesilla.jpg', 349),
('mueble', 'assets/img/casa/mueble.jpg', 350),
('nevera', 'assets/img/casa/nevera.jpg', 351),
('objeto', 'assets/img/casa/objeto.jpg', 352),
('ordenador', 'assets/img/casa/ordenador.jpg', 353),
('peine', 'assets/img/casa/peine.jpg', 354),
('plancha', 'assets/img/casa/plancha.jpg', 355),
('plato', 'assets/img/casa/plato.jpg', 356),
('puerta', 'assets/img/casa/puerta.jpg', 358),
('sabana', 'assets/img/casa/sabana.jpg', 359),
('sofa', 'assets/img/casa/sofa.jpg', 360),
('tenedor', 'assets/img/casa/tenedor.jpg', 361),
('toalla', 'assets/img/casa/toalla.jpg', 362),
('video', 'assets/img/casa/video.jpg', 363),
('aceite', 'assets/img/comida/aceite.jpg', 364),
('alimento', 'assets/img/comida/alimento.jpg', 365),
('alfombra', 'assets/img/casa/alfombra.jpg', 367),
('armario', 'assets/img/casa/armario.jpg', 368),
('bañera', 'assets/img/casa/bañera.jpg', 369),
('sala', 'assets/img/casa/sala.jpg', 370),
('sarten', 'assets/img/casa/sarten.jpg', 371),
('servilleta', 'assets/img/casa/servilleta.jpg', 372),
('arroz', 'assets/img/comida/arroz.jpg', 373),
('azucar', 'assets/img/comida/azucar.jpg', 374),
('bebida', 'assets/img/comida/bebidas.jpg', 375),
('bocadillo', 'assets/img/comida/bocadillo.jpg', 376),
('caramelo', 'assets/img/comida/caramelo.jpg', 377),
('carne', 'assets/img/comida/carne.jpg', 378),
('cebolla', 'assets/img/comida/cebolla.jpg', 379),
('cena', 'assets/img/comida/cena.jpg', 380),
('chocolate', 'assets/img/comida/chocolate.jpg', 381),
('desayuno', 'assets/img/comida/desayuno.jpg', 382),
('flan', 'assets/img/comida/flan.jpg', 383),
('helado', 'assets/img/comida/helado.jpg', 384),
('huevo', 'assets/img/comida/huevo.jpg', 385),
('lechuga', 'assets/img/comida/lechuga.jpg', 386),
('macarrones', 'assets/img/comida/macarrones.jpg', 387),
('manzana', 'assets/img/comida/manzana.jpg', 388),
('merienda', 'assets/img/comida/merienda.jpg', 389),
('naranja', 'assets/img/comida/naranja.jpg', 390),
('patata', 'assets/img/comida/patata.jpg', 391),
('pera', 'assets/img/comida/pera.jpg', 392),
('pescado', 'assets/img/comida/pescado.jpg', 393),
('platano', 'assets/img/comida/platano.jpg', 394),
('pollo', 'assets/img/comida/pollo.jpg', 395),
('postre', 'assets/img/comida/postre.jpg', 396),
('pure', 'assets/img/comida/pure.jpg', 397),
('queso', 'assets/img/comida/queso.jpg', 398),
('sal', 'assets/img/comida/sal.jpg', 399),
('sandia', 'assets/img/comida/sandia.jpg', 400),
('sed', 'assets/img/comida/sed.jpg', 401),
('sopa', 'assets/img/comida/sopa.jpg', 402),
('tarta', 'assets/img/comida/tarta.jpg', 403),
('tomate', 'assets/img/comida/tomate.jpg', 404),
('uva', 'assets/img/comida/uva.jpg', 405),
('yogur', 'assets/img/comida/yogur.jpg', 406),
('zanahoria', 'assets/img/comida/zanahoria.jpg', 407),
('zumo', 'assets/img/comida/zumo.jpg', 408),
('bebe', 'assets/img/familia/bebe.jpg', 409),
('ciego', 'assets/img/familia/ciego.jpg', 410),
('niña', 'assets/img/familia/niña.jpg', 411),
('niño', 'assets/img/familia/niño.jpg', 412),
('persona', 'assets/img/familia/persona.jpg', 413),
('primo', 'assets/img/familia/primo.jpg', 414),
('sordo', 'assets/img/familia/sordo.jpg', 415),
('sordociego', 'assets/img/familia/sordociego.jpg', 416),
('tio', 'assets/img/familia/tio.jpg', 417),
('acido', 'assets/img/verbos, a, a/acido.jpg', 418),
('adjetivos', 'assets/img/verbos, a, a/adjetivos.jpg', 419),
('adverbios', 'assets/img/verbos, a, a/adverbios.jpg', 420),
('agradable', 'assets/img/verbos, a, a/agradable.jpg', 421),
('alto', 'assets/img/verbos, a, a/alto.jpg', 422),
('amar', 'assets/img/verbos, a, a/amar.jpg', 423),
('amargo', 'assets/img/verbos, a, a/amargo.jpg', 424),
('andar', 'assets/img/verbos, a, a/andar.jpg', 425),
('aprender', 'assets/img/verbos, a, a/aprender.jpg', 426),
('ayudar', 'assets/img/verbos, a, a/ayudar.jpg', 427),
('bajo', 'assets/img/verbos, a, a/bajo.jpg', 428),
('beber', 'assets/img/verbos, a, a/beber.jpg', 429),
('besar', 'assets/img/verbos, a, a/besar.jpg', 430),
('blando', 'assets/img/verbos, a, a/blando.jpg', 431),
('bueno', 'assets/img/verbos, a, a/bueno.jpg', 432),
('caliente', 'assets/img/verbos, a, a/caliente.jpg', 433),
('castaño', 'assets/img/verbos, a, a/castaño.jpg', 434),
('claro', 'assets/img/verbos, a, a/claro.jpg', 435),
('comprar', 'assets/img/verbos, a, a/comprar.jpg', 436),
('conocer', 'assets/img/verbos, a, a/conocer.jpg', 437),
('contar', 'assets/img/verbos, a, a/contar.jpg', 438),
('contento', 'assets/img/verbos, a, a/.contentojpg', 439),
('correr', 'assets/img/verbos, a, a/correr.jpg', 440),
('crecer', 'assets/img/verbos, a, a/crecer.jpg', 441),
('delante', 'assets/img/verbos, a, a/delante.jpg', 442),
('delgado', 'assets/img/verbos, a, a/delgado.jpg', 443),
('dentro', 'assets/img/verbos, a, a/dentro.jpg', 444),
('desagradable', 'assets/img/verbos, a, a/desagradable.jpg', 445),
('descansar', 'assets/img/verbos, a, a/descansar.jpg', 446),
('detras', 'assets/img/verbos, a, a/detras.jpg', 447),
('diferente', 'assets/img/verbos, a, a/diferente.jpg', 448),
('divertido', 'assets/img/verbos, a, a/divertido.jpg', 449),
('dormir', 'assets/img/verbos, a, a/dormir.jpg', 450),
('ducharse', 'assets/img/verbos, a, a/ducharse.jpg', 451),
('duro', 'assets/img/verbos, a, a/duro.jpg', 452),
('encima', 'assets/img/verbos, a, a/encima.jpg', 453),
('enfadado', 'assets/img/verbos, a, a/enfadado.jpg', 454),
('enfermo', 'assets/img/verbos, a, a/enfermo.jpg', 455),
('entender', 'assets/img/verbos, a, a/entender.jpg', 456),
('escribir', 'assets/img/verbos, a, a/escribir.jpg', 457),
('esperar', 'assets/img/verbos, a, a/esperar.jpg', 458),
('explicar', 'assets/img/verbos, a, a/explicar.jpg', 459),
('feo', 'assets/img/verbos, a, a/feo.jpg', 460),
('frio', 'assets/img/verbos, a, a/frio.jpg', 461),
('fuera', 'assets/img/verbos, a, a/fuera.jpg', 462),
('gordo', 'assets/img/verbos, a, a/gordo.jpg', 463),
('guapo', 'assets/img/verbos, a, a/guapo.jpg', 464),
('gustar', 'assets/img/verbos, a, a/gustar.jpg', 465),
('hablar', 'assets/img/verbos, a, a/hablar.jpg', 466),
('igual', 'assets/img/verbos, a, a/igual.jpg', 467),
('jugar', 'assets/img/verbos, a, a/jugar.jpg', 468),
('leer', 'assets/img/verbos, a, a/leer.jpg', 469),
('lejos', 'assets/img/verbos, a, a/lejos.jpg', 470),
('lento', 'assets/img/verbos, a, a/lento.jpg', 471),
('levantarse', 'assets/img/verbos, a, a/levantarse.jpg', 472),
('limpio', 'assets/img/verbos, a, a/limpio.jpg', 473),
('lleno', 'assets/img/verbos, a, a/lleno.jpg', 474),
('llorar', 'assets/img/verbos, a, a/llorar.jpg', 475),
('mal', 'assets/img/verbos, a, a/mal.jpg', 476),
('malo', 'assets/img/verbos, a, a/malo.jpg', 477),
('montasre', 'assets/img/verbos, a, a/montarse.jpg', 478),
('moreno', 'assets/img/verbos, a, a/moreno.jpg', 479),
('muchos', 'assets/img/verbos, a, a/muchos.jpg', 480),
('nacer', 'assets/img/verbos, a, a/nacer.jpg', 481),
('oir', 'assets/img/verbos, a, a/oir.jpg', 482),
('oler', 'assets/img/verbos, a, a/oler.jpg', 483),
('oscuro', 'assets/img/verbos, a, a/oscuro.jpg', 484),
('pasear', 'assets/img/verbos, a, a/pasear.jpg', 485),
('patinar', 'assets/img/verbos, a, a/patinar.jpg', 486),
('pegar', 'assets/img/verbos, a, a/pegar.jpg', 487),
('peinarse', 'assets/img/verbos, a, a/peinarse.jpg', 488),
('pelirrojo', 'assets/img/verbos, a, a/pelirrojo.jpg', 489),
('pocos', 'assets/img/verbos, a, a/pocos.jpg', 490),
('ponerse', 'assets/img/verbos, a, a/ponerse.jpg', 491),
('primero', 'assets/img/verbos, a, a/primero.jpg', 492),
('quitarse', 'assets/img/verbos, a, a/quitarse.jpg', 493),
('rapido', 'assets/img/verbos, a, a/rapido.jpg', 494),
('regalar', 'assets/img/verbos, a, a/regalar.jpg', 495),
('reir', 'assets/img/verbos, a, a/reir.jpg', 497),
('rubio', 'assets/img/verbos, a, a/rubio.jpg', 498),
('saborear', 'assets/img/verbos, a, a/saborear.jpg', 499),
('salado', 'assets/img/verbos, a, a/salado.jpg', 500),
('saltar', 'assets/img/verbos, a, a/saltar.jpg', 501),
('sano', 'assets/img/verbos, a, a/sano.jpg', 502),
('sentarse', 'assets/img/verbos, a, a/sentarse.jpg', 503),
('sucio', 'assets/img/verbos, a, a/sucio.jpg', 504),
('templado', 'assets/img/verbos, a, a/templado.jpg', 505),
('tocar', 'assets/img/verbos, a, a/tocar.jpg', 506),
('ultimo', 'assets/img/verbos, a, a/ultimo.jpg', 507),
('vacio', 'assets/img/verbos, a, a/vacio.jpg', 508),
('vamos', 'assets/img/verbos, a, a/vamos.jpg', 509),
('ver', 'assets/img/verbos, a, a/ver.jpg', 510),
('verbo', 'assets/img/verbos, a, a/verbo.jpg', 511),
('vestirse', 'assets/img/verbos, a, a/vestirse.jpg', 512),
('vivir', 'assets/img/verbos, a, a/vivir.jpg', 513);

-- --------------------------------------------------------

--
-- Estructura de tabla para la tabla `registro`
--

CREATE TABLE `registro` (
  `id_traduccion` int(12) NOT NULL,
  `id_imagen` int(10) NOT NULL,
  `repetida` int(10) NOT NULL
) ENGINE=InnoDB DEFAULT CHARSET=utf8mb4;

--
-- Volcado de datos para la tabla `registro`
--

INSERT INTO `registro` (`id_traduccion`, `id_imagen`, `repetida`) VALUES
(114, 1, 2),
(115, 1, 2),
(115, 2, 2),
(118, 1, 2),
(122, 1, 1),
(123, 1, 1),
(124, 1, 1),
(125, 1, 1),
(126, 1, 1),
(127, 2, 2),
(128, 2, 2),
(129, 1, 1),
(130, 1, 1),
(131, 1, 1),
(132, 2, 1),
(133, 1, 1),
(134, 1, 1),
(136, 1, 1),
(137, 1, 1),
(138, 2, 1),
(139, 1, 1),
(140, 3, 1),
(141, 3, 1),
(142, 4, 1),
(143, 3, 1),
(144, 4, 1),
(145, 4, 1),
(146, 2, 1),
(147, 4, 1),
(148, 3, 1),
(149, 3, 1),
(150, 1, 1),
(151, 3, 1),
(152, 2, 1),
(153, 3, 1),
(154, 3, 1),
(155, 3, 1),
(156, 4, 1),
(157, 2, 1),
(158, 4, 1),
(159, 2, 1),
(160, 1, 1),
(161, 3, 1),
(162, 1, 1),
(163, 3, 1),
(164, 2, 1),
(165, 1, 1),
(166, 2, 1),
(167, 2, 1),
(168, 1, 1),
(169, 1, 1),
(170, 2, 1),
(171, 1, 1),
(172, 1, 1),
(173, 2, 2),
(174, 2, 20),
(175, 2, 20),
(176, 2, 20),
(177, 2, 20),
(178, 2, 20),
(179, 2, 20),
(180, 2, 20),
(181, 2, 20),
(182, 2, 20),
(183, 3, 3),
(184, 1, 1),
(185, 3, 1),
(186, 2, 3),
(187, 4, 2),
(188, 2, 2),
(189, 3, 2),
(190, 4, 2),
(191, 1, 1),
(192, 2, 1),
(193, 1, 1),
(194, 2, 1),
(195, 1, 1),
(196, 2, 1),
(197, 1, 1),
(198, 2, 1),
(199, 2, 1),
(200, 2, 1),
(201, 2, 1),
(202, 2, 1),
(203, 2, 1),
(204, 4, 1),
(205, 3, 1),
(206, 3, 1),
(207, 2, 1),
(208, 3, 1),
(209, 4, 1),
(211, 3, 4),
(212, 4, 5),
(213, 3, 5),
(214, 3, 10),
(215, 3, 3),
(216, 2, 4),
(217, 4, 5),
(218, 4, 2),
(219, 4, 10),
(220, 4, 1),
(221, 1, 1),
(222, 1, 1),
(223, 1, 1),
(224, 4, 1),
(225, 4, 1),
(226, 2, 1),
(227, 2, 1),
(228, 2, 1),
(229, 2, 1),
(230, 4, 1),
(231, 2, 1),
(232, 1, 1),
(233, 2, 1),
(234, 2, 1),
(235, 3, 1),
(236, 4, 1),
(237, 4, 1),
(238, 3, 1),
(239, 3, 1),
(240, 2, 1),
(241, 2, 1),
(242, 1, 1),
(243, 2, 1),
(244, 2, 1),
(245, 3, 2),
(246, 3, 2),
(247, 3, 1),
(248, 4, 1),
(249, 4, 1),
(250, 2, 2),
(251, 2, 2),
(252, 2, 2),
(253, 2, 2),
(254, 2, 1),
(255, 2, 1),
(256, 1, 1),
(257, 2, 1),
(258, 2, 1),
(259, 2, 1),
(260, 2, 1),
(261, 2, 1),
(262, 2, 1),
(263, 2, 1),
(264, 3, 1),
(265, 2, 1),
(266, 1, 1),
(267, 2, 1),
(268, 2, 1),
(269, 2, 1),
(270, 1, 1),
(271, 2, 1),
(272, 4, 1),
(273, 4, 1),
(274, 2, 1),
(275, 2, 1),
(276, 3, 1),
(277, 1, 1),
(278, 1, 1),
(279, 1, 1),
(280, 1, 1),
(281, 1, 1),
(282, 3, 1),
(283, 3, 1),
(284, 3, 1),
(285, 3, 1),
(286, 1, 1),
(287, 1, 1),
(288, 1, 1),
(289, 1, 1),
(290, 1, 2),
(291, 46, 1),
(292, 1, 1),
(293, 46, 1),
(294, 46, 1),
(295, 46, 1),
(296, 46, 1),
(297, 46, 1),
(298, 46, 1),
(299, 509, 1),
(300, 1, 1),
(301, 1, 1),
(302, 46, 1),
(303, 152, 1),
(304, 4, 1),
(305, 509, 1),
(306, 311, 1),
(307, 209, 1),
(308, 384, 1);

-- --------------------------------------------------------

--
-- Estructura de tabla para la tabla `usuario`
--

CREATE TABLE `usuario` (
  `id_usuario` int(10) NOT NULL,
  `nombre_usuario` varchar(42) NOT NULL,
  `contrasenia_usuario` varchar(42) NOT NULL,
  `correo_usuario` varchar(100) NOT NULL
) ENGINE=InnoDB DEFAULT CHARSET=latin1;

--
-- Volcado de datos para la tabla `usuario`
--

INSERT INTO `usuario` (`id_usuario`, `nombre_usuario`, `contrasenia_usuario`, `correo_usuario`) VALUES
(1, 'Anderson', '123', 'anderson@gmail.com'),
(2, 'Johnatan', '123', 'johnygga'),
(3, 'Carlos', '202cb962ac59075b964b07152d234b70', 'caton@gmail.com'),
(4, 'Juan', '202cb962ac59075b964b07152d234b70', 'juan@sdfg'),
(5, 'Ana', '5390489da3971cbbcd22c159d54d24da', 'ana123@gmail.com');

--
-- Índices para tablas volcadas
--

--
-- Indices de la tabla `historial`
--
ALTER TABLE `historial`
  ADD PRIMARY KEY (`id_traduccion`),
  ADD KEY `id_usuario` (`id_usuario`);

--
-- Indices de la tabla `imagenes`
--
ALTER TABLE `imagenes`
  ADD PRIMARY KEY (`id_imagen`);

--
-- Indices de la tabla `registro`
--
ALTER TABLE `registro`
  ADD KEY `id_traduccion` (`id_traduccion`),
  ADD KEY `id_imagen` (`id_imagen`);

--
-- Indices de la tabla `usuario`
--
ALTER TABLE `usuario`
  ADD PRIMARY KEY (`id_usuario`);

--
-- AUTO_INCREMENT de las tablas volcadas
--

--
-- AUTO_INCREMENT de la tabla `historial`
--
ALTER TABLE `historial`
  MODIFY `id_traduccion` int(12) NOT NULL AUTO_INCREMENT, AUTO_INCREMENT=309;

--
-- AUTO_INCREMENT de la tabla `imagenes`
--
ALTER TABLE `imagenes`
  MODIFY `id_imagen` int(10) NOT NULL AUTO_INCREMENT, AUTO_INCREMENT=514;

--
-- AUTO_INCREMENT de la tabla `usuario`
--
ALTER TABLE `usuario`
  MODIFY `id_usuario` int(10) NOT NULL AUTO_INCREMENT, AUTO_INCREMENT=6;

--
-- Restricciones para tablas volcadas
--

--
-- Filtros para la tabla `historial`
--
ALTER TABLE `historial`
  ADD CONSTRAINT `historial_ibfk_1` FOREIGN KEY (`id_usuario`) REFERENCES `usuario` (`id_usuario`);

--
-- Filtros para la tabla `registro`
--
ALTER TABLE `registro`
  ADD CONSTRAINT `registro_ibfk_1` FOREIGN KEY (`id_traduccion`) REFERENCES `historial` (`id_traduccion`),
  ADD CONSTRAINT `registro_ibfk_2` FOREIGN KEY (`id_imagen`) REFERENCES `imagenes` (`id_imagen`);
COMMIT;

/*!40101 SET CHARACTER_SET_CLIENT=@OLD_CHARACTER_SET_CLIENT */;
/*!40101 SET CHARACTER_SET_RESULTS=@OLD_CHARACTER_SET_RESULTS */;
/*!40101 SET COLLATION_CONNECTION=@OLD_COLLATION_CONNECTION */;
